year,sex,level_of_school,academic_qualification,number_of_vice_principals
1996,MF,PRIMARY,GCE 'O' LEVEL/'A' LEVEL/DIPLOMA,157
1996,F,PRIMARY,GCE 'O' LEVEL/'A' LEVEL/DIPLOMA,87
1996,MF,SECONDARY,GCE 'O' LEVEL/'A' LEVEL/DIPLOMA,3
1996,F,SECONDARY,GCE 'O' LEVEL/'A' LEVEL/DIPLOMA,2
1996,MF,PRE-UNIVERSITY,GCE 'O' LEVEL/'A' LEVEL/DIPLOMA,0
1996,F,PRE-UNIVERSITY,GCE 'O' LEVEL/'A' LEVEL/DIPLOMA,0
1996,MF,PRIMARY,PASS DEGREE,2
1996,F,PRIMARY,PASS DEGREE,0
1996,MF,SECONDARY,PASS DEGREE,41
1996,F,SECONDARY,PASS DEGREE,27
1996,MF,PRE-UNIVERSITY,PASS DEGREE,1
1996,F,PRE-UNIVERSITY,PASS DEGREE,1
1996,MF,PRIMARY,HONOURS DEGREE,1
1996,F,PRIMARY,HONOURS DEGREE,1
1996,MF,SECONDARY,HONOURS DEGREE,28
1996,F,SECONDARY,HONOURS DEGREE,15
1996,MF,PRE-UNIVERSITY,HONOURS DEGREE,7
1996,F,PRE-UNIVERSITY,HONOURS DEGREE,6
1996,MF,PRIMARY,MASTERS DEGREE,1
1996,F,PRIMARY,MASTERS DEGREE,0
1996,MF,SECONDARY,MASTERS DEGREE,23
1996,F,SECONDARY,MASTERS DEGREE,16
1996,MF,PRE-UNIVERSITY,MASTERS DEGREE,3
1996,F,PRE-UNIVERSITY,MASTERS DEGREE,2
1996,MF,PRIMARY,PHD,0
1996,F,PRIMARY,PHD,0
1996,MF,SECONDARY,PHD,0
1996,F,SECONDARY,PHD,0
1996,MF,PRE-UNIVERSITY,PHD,0
1996,F,PRE-UNIVERSITY,PHD,0
1997,MF,PRIMARY,GCE 'O' LEVEL/'A' LEVEL/DIPLOMA,143
1997,F,PRIMARY,GCE 'O' LEVEL/'A' LEVEL/DIPLOMA,86
1997,MF,SECONDARY,GCE 'O' LEVEL/'A' LEVEL/DIPLOMA,0
1997,F,SECONDARY,GCE 'O' LEVEL/'A' LEVEL/DIPLOMA,0
1997,MF,PRE-UNIVERSITY,GCE 'O' LEVEL/'A' LEVEL/DIPLOMA,0
1997,F,PRE-UNIVERSITY,GCE 'O' LEVEL/'A' LEVEL/DIPLOMA,0
1997,MF,PRIMARY,PASS DEGREE,3
1997,F,PRIMARY,PASS DEGREE,1
1997,MF,SECONDARY,PASS DEGREE,58
1997,F,SECONDARY,PASS DEGREE,36
1997,MF,PRE-UNIVERSITY,PASS DEGREE,2
1997,F,PRE-UNIVERSITY,PASS DEGREE,2
1997,MF,PRIMARY,HONOURS DEGREE,3
1997,F,PRIMARY,HONOURS DEGREE,2
1997,MF,SECONDARY,HONOURS DEGREE,34
1997,F,SECONDARY,HONOURS DEGREE,20
1997,MF,PRE-UNIVERSITY,HONOURS DEGREE,9
1997,F,PRE-UNIVERSITY,HONOURS DEGREE,7
1997,MF,PRIMARY,MASTERS DEGREE,3
1997,F,PRIMARY,MASTERS DEGREE,2
1997,MF,SECONDARY,MASTERS DEGREE,19
1997,F,SECONDARY,MASTERS DEGREE,12
1997,MF,PRE-UNIVERSITY,MASTERS DEGREE,2
1997,F,PRE-UNIVERSITY,MASTERS DEGREE,1
1997,MF,PRIMARY,PHD,0
1997,F,PRIMARY,PHD,0
1997,MF,SECONDARY,PHD,0
1997,F,SECONDARY,PHD,0
1997,MF,PRE-UNIVERSITY,PHD,0
1997,F,PRE-UNIVERSITY,PHD,0
1998,MF,PRIMARY,GCE 'O' LEVEL/'A' LEVEL/DIPLOMA,132
1998,F,PRIMARY,GCE 'O' LEVEL/'A' LEVEL/DIPLOMA,81
1998,MF,SECONDARY,GCE 'O' LEVEL/'A' LEVEL/DIPLOMA,0
1998,F,SECONDARY,GCE 'O' LEVEL/'A' LEVEL/DIPLOMA,0
1998,MF,PRE-UNIVERSITY,GCE 'O' LEVEL/'A' LEVEL/DIPLOMA,0
1998,F,PRE-UNIVERSITY,GCE 'O' LEVEL/'A' LEVEL/DIPLOMA,0
1998,MF,PRIMARY,PASS DEGREE,8
1998,F,PRIMARY,PASS DEGREE,5
1998,MF,SECONDARY,PASS DEGREE,54
1998,F,SECONDARY,PASS DEGREE,37
1998,MF,PRE-UNIVERSITY,PASS DEGREE,3
1998,F,PRE-UNIVERSITY,PASS DEGREE,3
1998,MF,PRIMARY,HONOURS DEGREE,3
1998,F,PRIMARY,HONOURS DEGREE,2
1998,MF,SECONDARY,HONOURS DEGREE,42
1998,F,SECONDARY,HONOURS DEGREE,26
1998,MF,PRE-UNIVERSITY,HONOURS DEGREE,8
1998,F,PRE-UNIVERSITY,HONOURS DEGREE,6
1998,MF,PRIMARY,MASTERS DEGREE,1
1998,F,PRIMARY,MASTERS DEGREE,0
1998,MF,SECONDARY,MASTERS DEGREE,19
1998,F,SECONDARY,MASTERS DEGREE,13
1998,MF,PRE-UNIVERSITY,MASTERS DEGREE,3
1998,F,PRE-UNIVERSITY,MASTERS DEGREE,3
1998,MF,PRIMARY,PHD,0
1998,F,PRIMARY,PHD,0
1998,MF,SECONDARY,PHD,0
1998,F,SECONDARY,PHD,0
1998,MF,PRE-UNIVERSITY,PHD,0
1998,F,PRE-UNIVERSITY,PHD,0
1999,MF,PRIMARY,GCE 'O' LEVEL/'A' LEVEL/DIPLOMA,123
1999,F,PRIMARY,GCE 'O' LEVEL/'A' LEVEL/DIPLOMA,78
1999,MF,SECONDARY,GCE 'O' LEVEL/'A' LEVEL/DIPLOMA,0
1999,F,SECONDARY,GCE 'O' LEVEL/'A' LEVEL/DIPLOMA,0
1999,MF,PRE-UNIVERSITY,GCE 'O' LEVEL/'A' LEVEL/DIPLOMA,0
1999,F,PRE-UNIVERSITY,GCE 'O' LEVEL/'A' LEVEL/DIPLOMA,0
1999,MF,PRIMARY,PASS DEGREE,23
1999,F,PRIMARY,PASS DEGREE,17
1999,MF,SECONDARY,PASS DEGREE,48
1999,F,SECONDARY,PASS DEGREE,34
1999,MF,PRE-UNIVERSITY,PASS DEGREE,2
1999,F,PRE-UNIVERSITY,PASS DEGREE,2
1999,MF,PRIMARY,HONOURS DEGREE,8
1999,F,PRIMARY,HONOURS DEGREE,8
1999,MF,SECONDARY,HONOURS DEGREE,39
1999,F,SECONDARY,HONOURS DEGREE,27
1999,MF,PRE-UNIVERSITY,HONOURS DEGREE,8
1999,F,PRE-UNIVERSITY,HONOURS DEGREE,6
1999,MF,PRIMARY,MASTERS DEGREE,9
1999,F,PRIMARY,MASTERS DEGREE,8
1999,MF,SECONDARY,MASTERS DEGREE,21
1999,F,SECONDARY,MASTERS DEGREE,14
1999,MF,PRE-UNIVERSITY,MASTERS DEGREE,3
1999,F,PRE-UNIVERSITY,MASTERS DEGREE,2
1999,MF,PRIMARY,PHD,0
1999,F,PRIMARY,PHD,0
1999,MF,SECONDARY,PHD,0
1999,F,SECONDARY,PHD,0
1999,MF,PRE-UNIVERSITY,PHD,0
1999,F,PRE-UNIVERSITY,PHD,0
2000,MF,PRIMARY,GCE 'O' LEVEL/'A' LEVEL/DIPLOMA,104
2000,F,PRIMARY,GCE 'O' LEVEL/'A' LEVEL/DIPLOMA,67
2000,MF,SECONDARY,GCE 'O' LEVEL/'A' LEVEL/DIPLOMA,1
2000,F,SECONDARY,GCE 'O' LEVEL/'A' LEVEL/DIPLOMA,0
2000,MF,PRE-UNIVERSITY,GCE 'O' LEVEL/'A' LEVEL/DIPLOMA,0
2000,F,PRE-UNIVERSITY,GCE 'O' LEVEL/'A' LEVEL/DIPLOMA,0
2000,MF,PRIMARY,PASS DEGREE,34
2000,F,PRIMARY,PASS DEGREE,24
2000,MF,SECONDARY,PASS DEGREE,57
2000,F,SECONDARY,PASS DEGREE,41
2000,MF,PRE-UNIVERSITY,PASS DEGREE,1
2000,F,PRE-UNIVERSITY,PASS DEGREE,1
2000,MF,PRIMARY,HONOURS DEGREE,12
2000,F,PRIMARY,HONOURS DEGREE,12
2000,MF,SECONDARY,HONOURS DEGREE,52
2000,F,SECONDARY,HONOURS DEGREE,33
2000,MF,PRE-UNIVERSITY,HONOURS DEGREE,9
2000,F,PRE-UNIVERSITY,HONOURS DEGREE,6
2000,MF,PRIMARY,MASTERS DEGREE,10
2000,F,PRIMARY,MASTERS DEGREE,10
2000,MF,SECONDARY,MASTERS DEGREE,28
2000,F,SECONDARY,MASTERS DEGREE,20
2000,MF,PRE-UNIVERSITY,MASTERS DEGREE,5
2000,F,PRE-UNIVERSITY,MASTERS DEGREE,3
2000,MF,PRIMARY,PHD,0
2000,F,PRIMARY,PHD,0
2000,MF,SECONDARY,PHD,0
2000,F,SECONDARY,PHD,0
2000,MF,PRE-UNIVERSITY,PHD,0
2000,F,PRE-UNIVERSITY,PHD,0
2001,MF,PRIMARY,GCE 'O' LEVEL/'A' LEVEL/DIPLOMA,84
2001,F,PRIMARY,GCE 'O' LEVEL/'A' LEVEL/DIPLOMA,55
2001,MF,SECONDARY,GCE 'O' LEVEL/'A' LEVEL/DIPLOMA,2
2001,F,SECONDARY,GCE 'O' LEVEL/'A' LEVEL/DIPLOMA,0
2001,MF,PRE-UNIVERSITY,GCE 'O' LEVEL/'A' LEVEL/DIPLOMA,0
2001,F,PRE-UNIVERSITY,GCE 'O' LEVEL/'A' LEVEL/DIPLOMA,0
2001,MF,PRIMARY,PASS DEGREE,46
2001,F,PRIMARY,PASS DEGREE,34
2001,MF,SECONDARY,PASS DEGREE,61
2001,F,SECONDARY,PASS DEGREE,41
2001,MF,PRE-UNIVERSITY,PASS DEGREE,0
2001,F,PRE-UNIVERSITY,PASS DEGREE,0
2001,MF,PRIMARY,HONOURS DEGREE,15
2001,F,PRIMARY,HONOURS DEGREE,14
2001,MF,SECONDARY,HONOURS DEGREE,50
2001,F,SECONDARY,HONOURS DEGREE,31
2001,MF,PRE-UNIVERSITY,HONOURS DEGREE,7
2001,F,PRE-UNIVERSITY,HONOURS DEGREE,5
2001,MF,PRIMARY,MASTERS DEGREE,16
2001,F,PRIMARY,MASTERS DEGREE,13
2001,MF,SECONDARY,MASTERS DEGREE,35
2001,F,SECONDARY,MASTERS DEGREE,25
2001,MF,PRE-UNIVERSITY,MASTERS DEGREE,9
2001,F,PRE-UNIVERSITY,MASTERS DEGREE,5
2001,MF,PRIMARY,PHD,0
2001,F,PRIMARY,PHD,0
2001,MF,SECONDARY,PHD,0
2001,F,SECONDARY,PHD,0
2001,MF,PRE-UNIVERSITY,PHD,0
2001,F,PRE-UNIVERSITY,PHD,0
2002,MF,PRIMARY,GCE 'O' LEVEL/'A' LEVEL/DIPLOMA,68
2002,F,PRIMARY,GCE 'O' LEVEL/'A' LEVEL/DIPLOMA,49
2002,MF,SECONDARY,GCE 'O' LEVEL/'A' LEVEL/DIPLOMA,1
2002,F,SECONDARY,GCE 'O' LEVEL/'A' LEVEL/DIPLOMA,0
2002,MF,PRE-UNIVERSITY,GCE 'O' LEVEL/'A' LEVEL/DIPLOMA,0
2002,F,PRE-UNIVERSITY,GCE 'O' LEVEL/'A' LEVEL/DIPLOMA,0
2002,MF,PRIMARY,PASS DEGREE,40
2002,F,PRIMARY,PASS DEGREE,30
2002,MF,SECONDARY,PASS DEGREE,53
2002,F,SECONDARY,PASS DEGREE,31
2002,MF,PRE-UNIVERSITY,PASS DEGREE,2
2002,F,PRE-UNIVERSITY,PASS DEGREE,2
2002,MF,PRIMARY,HONOURS DEGREE,17
2002,F,PRIMARY,HONOURS DEGREE,13
2002,MF,SECONDARY,HONOURS DEGREE,47
2002,F,SECONDARY,HONOURS DEGREE,28
2002,MF,PRE-UNIVERSITY,HONOURS DEGREE,6
2002,F,PRE-UNIVERSITY,HONOURS DEGREE,5
2002,MF,PRIMARY,MASTERS DEGREE,16
2002,F,PRIMARY,MASTERS DEGREE,14
2002,MF,SECONDARY,MASTERS DEGREE,29
2002,F,SECONDARY,MASTERS DEGREE,21
2002,MF,PRE-UNIVERSITY,MASTERS DEGREE,7
2002,F,PRE-UNIVERSITY,MASTERS DEGREE,3
2002,MF,PRIMARY,PHD,0
2002,F,PRIMARY,PHD,0
2002,MF,SECONDARY,PHD,0
2002,F,SECONDARY,PHD,0
2002,MF,PRE-UNIVERSITY,PHD,0
2002,F,PRE-UNIVERSITY,PHD,0
2003,MF,PRIMARY,GCE 'O' LEVEL/'A' LEVEL/DIPLOMA,44
2003,F,PRIMARY,GCE 'O' LEVEL/'A' LEVEL/DIPLOMA,28
2003,MF,SECONDARY,GCE 'O' LEVEL/'A' LEVEL/DIPLOMA,4
2003,F,SECONDARY,GCE 'O' LEVEL/'A' LEVEL/DIPLOMA,2
2003,MF,PRE-UNIVERSITY,GCE 'O' LEVEL/'A' LEVEL/DIPLOMA,0
2003,F,PRE-UNIVERSITY,GCE 'O' LEVEL/'A' LEVEL/DIPLOMA,0
2003,MF,PRIMARY,PASS DEGREE,61
2003,F,PRIMARY,PASS DEGREE,47
2003,MF,SECONDARY,PASS DEGREE,62
2003,F,SECONDARY,PASS DEGREE,37
2003,MF,PRE-UNIVERSITY,PASS DEGREE,4
2003,F,PRE-UNIVERSITY,PASS DEGREE,4
2003,MF,PRIMARY,HONOURS DEGREE,14
2003,F,PRIMARY,HONOURS DEGREE,12
2003,MF,SECONDARY,HONOURS DEGREE,51
2003,F,SECONDARY,HONOURS DEGREE,31
2003,MF,PRE-UNIVERSITY,HONOURS DEGREE,10
2003,F,PRE-UNIVERSITY,HONOURS DEGREE,7
2003,MF,PRIMARY,MASTERS DEGREE,21
2003,F,PRIMARY,MASTERS DEGREE,18
2003,MF,SECONDARY,MASTERS DEGREE,33
2003,F,SECONDARY,MASTERS DEGREE,16
2003,MF,PRE-UNIVERSITY,MASTERS DEGREE,6
2003,F,PRE-UNIVERSITY,MASTERS DEGREE,5
2003,MF,PRIMARY,PHD,0
2003,F,PRIMARY,PHD,0
2003,MF,SECONDARY,PHD,0
2003,F,SECONDARY,PHD,0
2003,MF,PRE-UNIVERSITY,PHD,0
2003,F,PRE-UNIVERSITY,PHD,0
2004,MF,PRIMARY,GCE 'O' LEVEL/'A' LEVEL/DIPLOMA,43
2004,F,PRIMARY,GCE 'O' LEVEL/'A' LEVEL/DIPLOMA,30
2004,MF,SECONDARY,GCE 'O' LEVEL/'A' LEVEL/DIPLOMA,1
2004,F,SECONDARY,GCE 'O' LEVEL/'A' LEVEL/DIPLOMA,1
2004,MF,PRE-UNIVERSITY,GCE 'O' LEVEL/'A' LEVEL/DIPLOMA,0
2004,F,PRE-UNIVERSITY,GCE 'O' LEVEL/'A' LEVEL/DIPLOMA,0
2004,MF,PRIMARY,PASS DEGREE,76
2004,F,PRIMARY,PASS DEGREE,57
2004,MF,SECONDARY,PASS DEGREE,68
2004,F,SECONDARY,PASS DEGREE,43
2004,MF,PRE-UNIVERSITY,PASS DEGREE,5
2004,F,PRE-UNIVERSITY,PASS DEGREE,4
2004,MF,PRIMARY,HONOURS DEGREE,14
2004,F,PRIMARY,HONOURS DEGREE,12
2004,MF,SECONDARY,HONOURS DEGREE,60
2004,F,SECONDARY,HONOURS DEGREE,38
2004,MF,PRE-UNIVERSITY,HONOURS DEGREE,13
2004,F,PRE-UNIVERSITY,HONOURS DEGREE,7
2004,MF,PRIMARY,MASTERS DEGREE,27
2004,F,PRIMARY,MASTERS DEGREE,21
2004,MF,SECONDARY,MASTERS DEGREE,40
2004,F,SECONDARY,MASTERS DEGREE,20
2004,MF,PRE-UNIVERSITY,MASTERS DEGREE,9
2004,F,PRE-UNIVERSITY,MASTERS DEGREE,6
2004,MF,PRIMARY,PHD,0
2004,F,PRIMARY,PHD,0
2004,MF,SECONDARY,PHD,0
2004,F,SECONDARY,PHD,0
2004,MF,PRE-UNIVERSITY,PHD,0
2004,F,PRE-UNIVERSITY,PHD,0
2005,MF,PRIMARY,GCE 'O' LEVEL/'A' LEVEL/DIPLOMA,37
2005,F,PRIMARY,GCE 'O' LEVEL/'A' LEVEL/DIPLOMA,26
2005,MF,SECONDARY,GCE 'O' LEVEL/'A' LEVEL/DIPLOMA,1
2005,F,SECONDARY,GCE 'O' LEVEL/'A' LEVEL/DIPLOMA,1
2005,MF,PRE-UNIVERSITY,GCE 'O' LEVEL/'A' LEVEL/DIPLOMA,0
2005,F,PRE-UNIVERSITY,GCE 'O' LEVEL/'A' LEVEL/DIPLOMA,0
2005,MF,PRIMARY,PASS DEGREE,83
2005,F,PRIMARY,PASS DEGREE,66
2005,MF,SECONDARY,PASS DEGREE,1
2005,F,SECONDARY,PASS DEGREE,45
2005,MF,PRE-UNIVERSITY,PASS DEGREE,4
2005,F,PRE-UNIVERSITY,PASS DEGREE,3
2005,MF,PRIMARY,HONOURS DEGREE,16
2005,F,PRIMARY,HONOURS DEGREE,14
2005,MF,SECONDARY,HONOURS DEGREE,76
2005,F,SECONDARY,HONOURS DEGREE,42
2005,MF,PRE-UNIVERSITY,HONOURS DEGREE,14
2005,F,PRE-UNIVERSITY,HONOURS DEGREE,7
2005,MF,PRIMARY,MASTERS DEGREE,38
2005,F,PRIMARY,MASTERS DEGREE,25
2005,MF,SECONDARY,MASTERS DEGREE,69
2005,F,SECONDARY,MASTERS DEGREE,25
2005,MF,PRE-UNIVERSITY,MASTERS DEGREE,7
2005,F,PRE-UNIVERSITY,MASTERS DEGREE,3
2005,MF,PRIMARY,PHD,0
2005,F,PRIMARY,PHD,0
2005,MF,SECONDARY,PHD,43
2005,F,SECONDARY,PHD,0
2005,MF,PRE-UNIVERSITY,PHD,0
2005,F,PRE-UNIVERSITY,PHD,0
2006,MF,PRIMARY,GCE 'O' LEVEL/'A' LEVEL/DIPLOMA,30
2006,F,PRIMARY,GCE 'O' LEVEL/'A' LEVEL/DIPLOMA,20
2006,MF,SECONDARY,GCE 'O' LEVEL/'A' LEVEL/DIPLOMA,2
2006,F,SECONDARY,GCE 'O' LEVEL/'A' LEVEL/DIPLOMA,1
2006,MF,PRE-UNIVERSITY,GCE 'O' LEVEL/'A' LEVEL/DIPLOMA,0
2006,F,PRE-UNIVERSITY,GCE 'O' LEVEL/'A' LEVEL/DIPLOMA,0
2006,MF,PRIMARY,PASS DEGREE,81
2006,F,PRIMARY,PASS DEGREE,65
2006,MF,SECONDARY,PASS DEGREE,85
2006,F,SECONDARY,PASS DEGREE,47
2006,MF,PRE-UNIVERSITY,PASS DEGREE,4
2006,F,PRE-UNIVERSITY,PASS DEGREE,3
2006,MF,PRIMARY,HONOURS DEGREE,25
2006,F,PRIMARY,HONOURS DEGREE,20
2006,MF,SECONDARY,HONOURS DEGREE,69
2006,F,SECONDARY,HONOURS DEGREE,39
2006,MF,PRE-UNIVERSITY,HONOURS DEGREE,12
2006,F,PRE-UNIVERSITY,HONOURS DEGREE,6
2006,MF,PRIMARY,MASTERS DEGREE,56
2006,F,PRIMARY,MASTERS DEGREE,38
2006,MF,SECONDARY,MASTERS DEGREE,62
2006,F,SECONDARY,MASTERS DEGREE,36
2006,MF,PRE-UNIVERSITY,MASTERS DEGREE,9
2006,F,PRE-UNIVERSITY,MASTERS DEGREE,4
2006,MF,PRIMARY,PHD,0
2006,F,PRIMARY,PHD,0
2006,MF,SECONDARY,PHD,0
2006,F,SECONDARY,PHD,0
2006,MF,PRE-UNIVERSITY,PHD,0
2006,F,PRE-UNIVERSITY,PHD,0
2007,MF,PRIMARY,GCE 'O' LEVEL/'A' LEVEL/DIPLOMA,24
2007,F,PRIMARY,GCE 'O' LEVEL/'A' LEVEL/DIPLOMA,17
2007,MF,SECONDARY,GCE 'O' LEVEL/'A' LEVEL/DIPLOMA,2
2007,F,SECONDARY,GCE 'O' LEVEL/'A' LEVEL/DIPLOMA,1
2007,MF,PRE-UNIVERSITY,GCE 'O' LEVEL/'A' LEVEL/DIPLOMA,0
2007,F,PRE-UNIVERSITY,GCE 'O' LEVEL/'A' LEVEL/DIPLOMA,0
2007,MF,PRIMARY,PASS DEGREE,84
2007,F,PRIMARY,PASS DEGREE,66
2007,MF,SECONDARY,PASS DEGREE,78
2007,F,SECONDARY,PASS DEGREE,45
2007,MF,PRE-UNIVERSITY,PASS DEGREE,3
2007,F,PRE-UNIVERSITY,PASS DEGREE,3
2007,MF,PRIMARY,HONOURS DEGREE,30
2007,F,PRIMARY,HONOURS DEGREE,20
2007,MF,SECONDARY,HONOURS DEGREE,68
2007,F,SECONDARY,HONOURS DEGREE,41
2007,MF,PRE-UNIVERSITY,HONOURS DEGREE,14
2007,F,PRE-UNIVERSITY,HONOURS DEGREE,6
2007,MF,PRIMARY,MASTERS DEGREE,58
2007,F,PRIMARY,MASTERS DEGREE,42
2007,MF,SECONDARY,MASTERS DEGREE,69
2007,F,SECONDARY,MASTERS DEGREE,37
2007,MF,PRE-UNIVERSITY,MASTERS DEGREE,13
2007,F,PRE-UNIVERSITY,MASTERS DEGREE,6
2007,MF,PRIMARY,PHD,0
2007,F,PRIMARY,PHD,0
2007,MF,SECONDARY,PHD,0
2007,F,SECONDARY,PHD,0
2007,MF,PRE-UNIVERSITY,PHD,0
2007,F,PRE-UNIVERSITY,PHD,0
2008,MF,PRIMARY,GCE 'O' LEVEL/'A' LEVEL/DIPLOMA,18
2008,F,PRIMARY,GCE 'O' LEVEL/'A' LEVEL/DIPLOMA,12
2008,MF,SECONDARY,GCE 'O' LEVEL/'A' LEVEL/DIPLOMA,2
2008,F,SECONDARY,GCE 'O' LEVEL/'A' LEVEL/DIPLOMA,1
2008,MF,PRE-UNIVERSITY,GCE 'O' LEVEL/'A' LEVEL/DIPLOMA,0
2008,F,PRE-UNIVERSITY,GCE 'O' LEVEL/'A' LEVEL/DIPLOMA,0
2008,MF,PRIMARY,PASS DEGREE,92
2008,F,PRIMARY,PASS DEGREE,72
2008,MF,SECONDARY,PASS DEGREE,73
2008,F,SECONDARY,PASS DEGREE,46
2008,MF,PRE-UNIVERSITY,PASS DEGREE,3
2008,F,PRE-UNIVERSITY,PASS DEGREE,3
2008,MF,PRIMARY,HONOURS DEGREE,28
2008,F,PRIMARY,HONOURS DEGREE,18
2008,MF,SECONDARY,HONOURS DEGREE,70
2008,F,SECONDARY,HONOURS DEGREE,43
2008,MF,PRE-UNIVERSITY,HONOURS DEGREE,14
2008,F,PRE-UNIVERSITY,HONOURS DEGREE,7
2008,MF,PRIMARY,MASTERS DEGREE,60
2008,F,PRIMARY,MASTERS DEGREE,44
2008,MF,SECONDARY,MASTERS DEGREE,72
2008,F,SECONDARY,MASTERS DEGREE,38
2008,MF,PRE-UNIVERSITY,MASTERS DEGREE,14
2008,F,PRE-UNIVERSITY,MASTERS DEGREE,7
2008,MF,PRIMARY,PHD,0
2008,F,PRIMARY,PHD,0
2008,MF,SECONDARY,PHD,0
2008,F,SECONDARY,PHD,0
2008,MF,PRE-UNIVERSITY,PHD,0
2008,F,PRE-UNIVERSITY,PHD,0
2009,MF,PRIMARY,GCE 'O' LEVEL/'A' LEVEL/DIPLOMA,19
2009,F,PRIMARY,GCE 'O' LEVEL/'A' LEVEL/DIPLOMA,11
2009,MF,SECONDARY,GCE 'O' LEVEL/'A' LEVEL/DIPLOMA,2
2009,F,SECONDARY,GCE 'O' LEVEL/'A' LEVEL/DIPLOMA,1
2009,MF,PRE-UNIVERSITY,GCE 'O' LEVEL/'A' LEVEL/DIPLOMA,0
2009,F,PRE-UNIVERSITY,GCE 'O' LEVEL/'A' LEVEL/DIPLOMA,0
2009,MF,PRIMARY,PASS DEGREE,88
2009,F,PRIMARY,PASS DEGREE,67
2009,MF,SECONDARY,PASS DEGREE,75
2009,F,SECONDARY,PASS DEGREE,49
2009,MF,PRE-UNIVERSITY,PASS DEGREE,3
2009,F,PRE-UNIVERSITY,PASS DEGREE,3
2009,MF,PRIMARY,HONOURS DEGREE,34
2009,F,PRIMARY,HONOURS DEGREE,23
2009,MF,SECONDARY,HONOURS DEGREE,81
2009,F,SECONDARY,HONOURS DEGREE,49
2009,MF,PRE-UNIVERSITY,HONOURS DEGREE,8
2009,F,PRE-UNIVERSITY,HONOURS DEGREE,4
2009,MF,PRIMARY,MASTERS DEGREE,66
2009,F,PRIMARY,MASTERS DEGREE,50
2009,MF,SECONDARY,MASTERS DEGREE,77
2009,F,SECONDARY,MASTERS DEGREE,38
2009,MF,PRE-UNIVERSITY,MASTERS DEGREE,15
2009,F,PRE-UNIVERSITY,MASTERS DEGREE,8
2009,MF,PRIMARY,PHD,0
2009,F,PRIMARY,PHD,0
2009,MF,SECONDARY,PHD,1
2009,F,SECONDARY,PHD,0
2009,MF,PRE-UNIVERSITY,PHD,0
2009,F,PRE-UNIVERSITY,PHD,0
2010,MF,PRIMARY,GCE 'O' LEVEL/'A' LEVEL/DIPLOMA,18
2010,F,PRIMARY,GCE 'O' LEVEL/'A' LEVEL/DIPLOMA,10
2010,MF,SECONDARY,GCE 'O' LEVEL/'A' LEVEL/DIPLOMA,2
2010,F,SECONDARY,GCE 'O' LEVEL/'A' LEVEL/DIPLOMA,1
2010,MF,PRE-UNIVERSITY,GCE 'O' LEVEL/'A' LEVEL/DIPLOMA,0
2010,F,PRE-UNIVERSITY,GCE 'O' LEVEL/'A' LEVEL/DIPLOMA,0
2010,MF,PRIMARY,PASS DEGREE,94
2010,F,PRIMARY,PASS DEGREE,69
2010,MF,SECONDARY,PASS DEGREE,74
2010,F,SECONDARY,PASS DEGREE,46
2010,MF,PRE-UNIVERSITY,PASS DEGREE,5
2010,F,PRE-UNIVERSITY,PASS DEGREE,5
2010,MF,PRIMARY,HONOURS DEGREE,38
2010,F,PRIMARY,HONOURS DEGREE,25
2010,MF,SECONDARY,HONOURS DEGREE,87
2010,F,SECONDARY,HONOURS DEGREE,51
2010,MF,PRE-UNIVERSITY,HONOURS DEGREE,8
2010,F,PRE-UNIVERSITY,HONOURS DEGREE,5
2010,MF,PRIMARY,MASTERS DEGREE,74
2010,F,PRIMARY,MASTERS DEGREE,50
2010,MF,SECONDARY,MASTERS DEGREE,89
2010,F,SECONDARY,MASTERS DEGREE,46
2010,MF,PRE-UNIVERSITY,MASTERS DEGREE,18
2010,F,PRE-UNIVERSITY,MASTERS DEGREE,7
2010,MF,PRIMARY,PHD,0
2010,F,PRIMARY,PHD,0
2010,MF,SECONDARY,PHD,2
2010,F,SECONDARY,PHD,0
2010,MF,PRE-UNIVERSITY,PHD,0
2010,F,PRE-UNIVERSITY,PHD,0
2011,MF,PRIMARY,GCE 'O' LEVEL/'A' LEVEL/DIPLOMA,18
2011,F,PRIMARY,GCE 'O' LEVEL/'A' LEVEL/DIPLOMA,12
2011,MF,SECONDARY,GCE 'O' LEVEL/'A' LEVEL/DIPLOMA,1
2011,F,SECONDARY,GCE 'O' LEVEL/'A' LEVEL/DIPLOMA,0
2011,MF,PRE-UNIVERSITY,GCE 'O' LEVEL/'A' LEVEL/DIPLOMA,0
2011,F,PRE-UNIVERSITY,GCE 'O' LEVEL/'A' LEVEL/DIPLOMA,0
2011,MF,PRIMARY,PASS DEGREE,103
2011,F,PRIMARY,PASS DEGREE,74
2011,MF,SECONDARY,PASS DEGREE,81
2011,F,SECONDARY,PASS DEGREE,47
2011,MF,PRE-UNIVERSITY,PASS DEGREE,5
2011,F,PRE-UNIVERSITY,PASS DEGREE,5
2011,MF,PRIMARY,HONOURS DEGREE,46
2011,F,PRIMARY,HONOURS DEGREE,29
2011,MF,SECONDARY,HONOURS DEGREE,89
2011,F,SECONDARY,HONOURS DEGREE,44
2011,MF,PRE-UNIVERSITY,HONOURS DEGREE,9
2011,F,PRE-UNIVERSITY,HONOURS DEGREE,6
2011,MF,PRIMARY,MASTERS DEGREE,89
2011,F,PRIMARY,MASTERS DEGREE,59
2011,MF,SECONDARY,MASTERS DEGREE,106
2011,F,SECONDARY,MASTERS DEGREE,52
2011,MF,PRE-UNIVERSITY,MASTERS DEGREE,19
2011,F,PRE-UNIVERSITY,MASTERS DEGREE,8
2011,MF,PRIMARY,PHD,0
2011,F,PRIMARY,PHD,0
2011,MF,SECONDARY,PHD,4
2011,F,SECONDARY,PHD,2
2011,MF,PRE-UNIVERSITY,PHD,0
2011,F,PRE-UNIVERSITY,PHD,0
2012,MF,PRIMARY,GCE 'O' LEVEL/'A' LEVEL/DIPLOMA,17
2012,F,PRIMARY,GCE 'O' LEVEL/'A' LEVEL/DIPLOMA,12
2012,MF,SECONDARY,GCE 'O' LEVEL/'A' LEVEL/DIPLOMA,1
2012,F,SECONDARY,GCE 'O' LEVEL/'A' LEVEL/DIPLOMA,0
2012,MF,PRE-UNIVERSITY,GCE 'O' LEVEL/'A' LEVEL/DIPLOMA,0
2012,F,PRE-UNIVERSITY,GCE 'O' LEVEL/'A' LEVEL/DIPLOMA,0
2012,MF,PRIMARY,PASS DEGREE,102
2012,F,PRIMARY,PASS DEGREE,73
2012,MF,SECONDARY,PASS DEGREE,94
2012,F,SECONDARY,PASS DEGREE,55
2012,MF,PRE-UNIVERSITY,PASS DEGREE,5
2012,F,PRE-UNIVERSITY,PASS DEGREE,4
2012,MF,PRIMARY,HONOURS DEGREE,47
2012,F,PRIMARY,HONOURS DEGREE,27
2012,MF,SECONDARY,HONOURS DEGREE,92
2012,F,SECONDARY,HONOURS DEGREE,43
2012,MF,PRE-UNIVERSITY,HONOURS DEGREE,11
2012,F,PRE-UNIVERSITY,HONOURS DEGREE,6
2012,MF,PRIMARY,MASTERS DEGREE,102
2012,F,PRIMARY,MASTERS DEGREE,65
2012,MF,SECONDARY,MASTERS DEGREE,126
2012,F,SECONDARY,MASTERS DEGREE,66
2012,MF,PRE-UNIVERSITY,MASTERS DEGREE,20
2012,F,PRE-UNIVERSITY,MASTERS DEGREE,8
2012,MF,PRIMARY,PHD,1
2012,F,PRIMARY,PHD,0
2012,MF,SECONDARY,PHD,3
2012,F,SECONDARY,PHD,1
2012,MF,PRE-UNIVERSITY,PHD,0
2012,F,PRE-UNIVERSITY,PHD,0
2013,MF,PRIMARY,GCE 'O' LEVEL/'A' LEVEL/DIPLOMA,18
2013,F,PRIMARY,GCE 'O' LEVEL/'A' LEVEL/DIPLOMA,13
2013,MF,SECONDARY,GCE 'O' LEVEL/'A' LEVEL/DIPLOMA,1
2013,F,SECONDARY,GCE 'O' LEVEL/'A' LEVEL/DIPLOMA,0
2013,MF,PRE-UNIVERSITY,GCE 'O' LEVEL/'A' LEVEL/DIPLOMA,0
2013,F,PRE-UNIVERSITY,GCE 'O' LEVEL/'A' LEVEL/DIPLOMA,0
2013,MF,PRIMARY,PASS DEGREE,98
2013,F,PRIMARY,PASS DEGREE,73
2013,MF,SECONDARY,PASS DEGREE,90
2013,F,SECONDARY,PASS DEGREE,53
2013,MF,PRE-UNIVERSITY,PASS DEGREE,6
2013,F,PRE-UNIVERSITY,PASS DEGREE,3
2013,MF,PRIMARY,HONOURS DEGREE,45
2013,F,PRIMARY,HONOURS DEGREE,26
2013,MF,SECONDARY,HONOURS DEGREE,95
2013,F,SECONDARY,HONOURS DEGREE,42
2013,MF,PRE-UNIVERSITY,HONOURS DEGREE,14
2013,F,PRE-UNIVERSITY,HONOURS DEGREE,7
2013,MF,PRIMARY,MASTERS DEGREE,120
2013,F,PRIMARY,MASTERS DEGREE,77
2013,MF,SECONDARY,MASTERS DEGREE,133
2013,F,SECONDARY,MASTERS DEGREE,80
2013,MF,PRE-UNIVERSITY,MASTERS DEGREE,24
2013,F,PRE-UNIVERSITY,MASTERS DEGREE,9
2013,MF,PRIMARY,PHD,2
2013,F,PRIMARY,PHD,1
2013,MF,SECONDARY,PHD,3
2013,F,SECONDARY,PHD,1
2013,MF,PRE-UNIVERSITY,PHD,0
2013,F,PRE-UNIVERSITY,PHD,0
2014,MF,PRIMARY,GCE 'O' LEVEL/'A' LEVEL/DIPLOMA,15
2014,F,PRIMARY,GCE 'O' LEVEL/'A' LEVEL/DIPLOMA,11
2014,MF,SECONDARY,GCE 'O' LEVEL/'A' LEVEL/DIPLOMA,0
2014,F,SECONDARY,GCE 'O' LEVEL/'A' LEVEL/DIPLOMA,0
2014,MF,PRE-UNIVERSITY,GCE 'O' LEVEL/'A' LEVEL/DIPLOMA,0
2014,F,PRE-UNIVERSITY,GCE 'O' LEVEL/'A' LEVEL/DIPLOMA,0
2014,MF,PRIMARY,PASS DEGREE,109
2014,F,PRIMARY,PASS DEGREE,82
2014,MF,SECONDARY,PASS DEGREE,89
2014,F,SECONDARY,PASS DEGREE,53
2014,MF,PRE-UNIVERSITY,PASS DEGREE,6
2014,F,PRE-UNIVERSITY,PASS DEGREE,3
2014,MF,PRIMARY,HONOURS DEGREE,50
2014,F,PRIMARY,HONOURS DEGREE,32
2014,MF,SECONDARY,HONOURS DEGREE,100
2014,F,SECONDARY,HONOURS DEGREE,39
2014,MF,PRE-UNIVERSITY,HONOURS DEGREE,14
2014,F,PRE-UNIVERSITY,HONOURS DEGREE,4
2014,MF,PRIMARY,MASTERS DEGREE,126
2014,F,PRIMARY,MASTERS DEGREE,81
2014,MF,SECONDARY,MASTERS DEGREE,126
2014,F,SECONDARY,MASTERS DEGREE,75
2014,MF,PRE-UNIVERSITY,MASTERS DEGREE,22
2014,F,PRE-UNIVERSITY,MASTERS DEGREE,7
2014,MF,PRIMARY,PHD,2
2014,F,PRIMARY,PHD,1
2014,MF,SECONDARY,PHD,4
2014,F,SECONDARY,PHD,1
2014,MF,PRE-UNIVERSITY,PHD,0
2014,F,PRE-UNIVERSITY,PHD,0
2015,MF,PRIMARY,GCE 'O' LEVEL/'A' LEVEL/DIPLOMA,14
2015,F,PRIMARY,GCE 'O' LEVEL/'A' LEVEL/DIPLOMA,10
2015,MF,SECONDARY,GCE 'O' LEVEL/'A' LEVEL/DIPLOMA,0
2015,F,SECONDARY,GCE 'O' LEVEL/'A' LEVEL/DIPLOMA,0
2015,MF,PRE-UNIVERSITY,GCE 'O' LEVEL/'A' LEVEL/DIPLOMA,0
2015,F,PRE-UNIVERSITY,GCE 'O' LEVEL/'A' LEVEL/DIPLOMA,0
2015,MF,PRIMARY,PASS DEGREE,100
2015,F,PRIMARY,PASS DEGREE,76
2015,MF,SECONDARY,PASS DEGREE,76
2015,F,SECONDARY,PASS DEGREE,44
2015,MF,PRE-UNIVERSITY,PASS DEGREE,5
2015,F,PRE-UNIVERSITY,PASS DEGREE,3
2015,MF,PRIMARY,HONOURS DEGREE,47
2015,F,PRIMARY,HONOURS DEGREE,31
2015,MF,SECONDARY,HONOURS DEGREE,91
2015,F,SECONDARY,HONOURS DEGREE,32
2015,MF,PRE-UNIVERSITY,HONOURS DEGREE,11
2015,F,PRE-UNIVERSITY,HONOURS DEGREE,4
2015,MF,PRIMARY,MASTERS DEGREE,140
2015,F,PRIMARY,MASTERS DEGREE,88
2015,MF,SECONDARY,MASTERS DEGREE,145
2015,F,SECONDARY,MASTERS DEGREE,79
2015,MF,PRE-UNIVERSITY,MASTERS DEGREE,23
2015,F,PRE-UNIVERSITY,MASTERS DEGREE,9
2015,MF,PRIMARY,PHD,2
2015,F,PRIMARY,PHD,1
2015,MF,SECONDARY,PHD,3
2015,F,SECONDARY,PHD,0
2015,MF,PRE-UNIVERSITY,PHD,0
2015,F,PRE-UNIVERSITY,PHD,0
2016,MF,PRIMARY,GCE 'O' LEVEL/'A' LEVEL/DIPLOMA,13
2016,F,PRIMARY,GCE 'O' LEVEL/'A' LEVEL/DIPLOMA,9
2016,MF,SECONDARY,GCE 'O' LEVEL/'A' LEVEL/DIPLOMA,0
2016,F,SECONDARY,GCE 'O' LEVEL/'A' LEVEL/DIPLOMA,0
2016,MF,PRE-UNIVERSITY,GCE 'O' LEVEL/'A' LEVEL/DIPLOMA,0
2016,F,PRE-UNIVERSITY,GCE 'O' LEVEL/'A' LEVEL/DIPLOMA,0
2016,MF,PRIMARY,PASS DEGREE,98
2016,F,PRIMARY,PASS DEGREE,74
2016,MF,SECONDARY,PASS DEGREE,72
2016,F,SECONDARY,PASS DEGREE,42
2016,MF,PRE-UNIVERSITY,PASS DEGREE,5
2016,F,PRE-UNIVERSITY,PASS DEGREE,3
2016,MF,PRIMARY,HONOURS DEGREE,55
2016,F,PRIMARY,HONOURS DEGREE,38
2016,MF,SECONDARY,HONOURS DEGREE,79
2016,F,SECONDARY,HONOURS DEGREE,27
2016,MF,PRE-UNIVERSITY,HONOURS DEGREE,12
2016,F,PRE-UNIVERSITY,HONOURS DEGREE,6
2016,MF,PRIMARY,MASTERS DEGREE,132
2016,F,PRIMARY,MASTERS DEGREE,84
2016,MF,SECONDARY,MASTERS DEGREE,144
2016,F,SECONDARY,MASTERS DEGREE,76
2016,MF,PRE-UNIVERSITY,MASTERS DEGREE,25
2016,F,PRE-UNIVERSITY,MASTERS DEGREE,11
2016,MF,PRIMARY,PHD,4
2016,F,PRIMARY,PHD,2
2016,MF,SECONDARY,PHD,3
2016,F,SECONDARY,PHD,1
2016,MF,PRE-UNIVERSITY,PHD,0
2016,F,PRE-UNIVERSITY,PHD,0
2017,MF,PRIMARY,GCE 'O' LEVEL/'A' LEVEL/DIPLOMA,13
2017,F,PRIMARY,GCE 'O' LEVEL/'A' LEVEL/DIPLOMA,9
2017,MF,SECONDARY,GCE 'O' LEVEL/'A' LEVEL/DIPLOMA,0
2017,F,SECONDARY,GCE 'O' LEVEL/'A' LEVEL/DIPLOMA,0
2017,MF,PRE-UNIVERSITY,GCE 'O' LEVEL/'A' LEVEL/DIPLOMA,0
2017,F,PRE-UNIVERSITY,GCE 'O' LEVEL/'A' LEVEL/DIPLOMA,0
2017,MF,PRIMARY,PASS DEGREE,90
2017,F,PRIMARY,PASS DEGREE,67
2017,MF,SECONDARY,PASS DEGREE,68
2017,F,SECONDARY,PASS DEGREE,41
2017,MF,PRE-UNIVERSITY,PASS DEGREE,3
2017,F,PRE-UNIVERSITY,PASS DEGREE,1
2017,MF,PRIMARY,HONOURS DEGREE,50
2017,F,PRIMARY,HONOURS DEGREE,33
2017,MF,SECONDARY,HONOURS DEGREE,68
2017,F,SECONDARY,HONOURS DEGREE,25
2017,MF,PRE-UNIVERSITY,HONOURS DEGREE,13
2017,F,PRE-UNIVERSITY,HONOURS DEGREE,7
2017,MF,PRIMARY,MASTERS DEGREE,145
2017,F,PRIMARY,MASTERS DEGREE,97
2017,MF,SECONDARY,MASTERS DEGREE,152
2017,F,SECONDARY,MASTERS DEGREE,73
2017,MF,PRE-UNIVERSITY,MASTERS DEGREE,26
2017,F,PRE-UNIVERSITY,MASTERS DEGREE,11
2017,MF,PRIMARY,PHD,4
2017,F,PRIMARY,PHD,2
2017,MF,SECONDARY,PHD,3
2017,F,SECONDARY,PHD,1
2017,MF,PRE-UNIVERSITY,PHD,0
2017,F,PRE-UNIVERSITY,PHD,0
